code,name,nature
SH600066,宇通客车,中长线
SH601919,中远海控,中长线
SH601872,招商轮船,中长线
SH688396,华润微,中长线
SH605117,德业股份,中长线
SH601898,中煤能源,中长线
SH601088,中国神华,中长线
SH601878,浙商证券,中长线
SH688981,中芯国际,中长线
SH600989,宝丰能源,中长线
SH600377,宁沪高速,中长线
SH601225,陕西煤业,中长线
SH688692,达梦数据,中长线
SH688012,中微公司,中长线
SH601857,中国石油,中长线
SH600938,中国海油,中长线
SH600028,中国石化,中长线
SH688008,澜起科技,中长线
SH600023,浙能电力,中长线
SH600674,川投能源,中长线
SH600886,国投电力,中长线
SH603893,瑞芯微,中长线
SH601899,紫金矿业,中长线
SH600025,华能水电,中长线
SH601985,中国核电,中长线
SZ002600,领益智造,中长线
SH688126,沪硅产业,中长线
SH600795,XD国电电,中长线
SZ003816,中国广核,中长线
SH603392,万泰生物,中长线
SH601127,赛力斯,中长线
SH600900,长江电力,中长线
SZ002736,国信证券,中长线
SZ300979,华利集团,中长线
SH600011,华能国际,中长线
SH600150,中国船舶,中长线
SH600012,皖通高速,中长线
SH688220,翱捷科技-U,中长线
SZ000333,美的集团,中长线
SH600350,山东高速,中长线
SH601628,中国人寿,中长线
SZ300498,温氏股份,中长线
SZ002714,牧原股份,中长线
SH600489,中金黄金,中长线
SH603993,洛阳钼业,中长线
SH601939,建设银行,中长线
SZ002371,北方华创,中长线
SZ300760,迈瑞医疗,中长线
SH601138,工业富联,中长线
SH601288,农业银行,中长线
SH601328,交通银行,中长线
SH601229,上海银行,中长线
SH600269,赣粤高速,中长线
SH601398,工商银行,中长线
SH601169,北京银行,中长线
SH600018,上港集团,中长线
SH600585,海螺水泥,中长线
SH600019,宝钢股份,中长线
SH601766,中国中车,中长线
SH688111,金山办公,中长线
SH600160,巨化股份,中长线
SH601988,中国银行,中长线
SH601816,京沪高铁,中长线
SH600803,新奥股份,中长线
SH600548,深高速,中长线
SH600188,兖矿能源,中长线
SZ300677,英科医疗,中长线
SH603195,公牛集团,中长线
SH600875,东方电气,中长线
SH600183,生益科技,中长线
SH601066,中信建投,中长线
SH600941,中国移动,中长线
SH600406,国电南瑞,中长线
SH601600,中国铝业,中长线
SH600971,恒源煤电,中长线
SZ001965,招商公路,中长线
SH601658,邮储银行,中长线
SH601006,大秦铁路,中长线
SH601018,宁波港,中长线
SZ000807,云铝股份,中长线
SH601881,中国银河,中长线
SH601319,中国人保,中长线
SH600519,贵州茅台,中长线
SH601601,中国太保,中长线
SH688303,大全能源,中长线
SH688271,联影医疗,中长线
SZ001289,龙源电力,中长线
SZ300433,蓝思科技,中长线
SZ002049,紫光国微,中长线
SH600309,万华化学,中长线
SZ000429,粤高速Ａ,中长线
SH600346,恒力石化,中长线
SH600039,四川路桥,中长线
SH600000,浦发银行,中长线
SH600968,海油发展,中长线
SH605499,东鹏饮料,中长线
SH601727,上海电气,中长线
SH603501,豪威集团,中长线
SH601128,常熟银行,中长线
SH688349,三一重能,中长线
SH601998,中信银行,中长线
SZ002001,新和成,中长线
SZ000408,藏格矿业,中长线
SZ002938,鹏鼎控股,中长线
SH601728,中国电信,中长线
SH600660,福耀玻璃,中长线
SH600809,山西汾酒,中长线
SH601995,中金公司,中长线
SH600036,招商银行,中长线
SZ002493,荣盛石化,中长线
SH600999,招商证券,中长线
SH601336,新华保险,中长线
SH600482,中国动力,中长线
SH601009,南京银行,中长线
SZ000651,格力电器,中长线
SZ300750,宁德时代,中长线
SH688041,海光信息,中长线
SH600690,海尔智家,中长线
SH600196,复星医药,中长线
SH601139,深圳燃气,中长线
SH601100,恒立液压,中长线
SZ000877,天山股份,中长线
SH600015,华夏银行,中长线
SH688223,晶科能源,中长线
SH601818,光大银行,中长线
SZ002027,分众传媒,中长线
SH600547,山东黄金,中长线
SH601800,中国交建,中长线
SZ300274,阳光电源,中长线
SH600031,三一重工,中长线
SH601211,国泰海通,中长线
SH601838,成都银行,中长线
SZ000157,中联重科,中长线
SZ002916,深南电路,中长线
SH688032,禾迈股份,中长线
SZ002352,顺丰控股,中长线
SH600030,中信证券,中长线
SZ000596,古井贡酒,中长线
SH600760,中航沈飞,中长线
SZ002179,中航光电,中长线
SZ300482,万孚生物,中长线
SZ000166,申万宏源,中长线
SZ300308,中际旭创,中长线
SH603127,昭衍新药,中长线
SH601868,中国能建,中长线
SH601377,兴业证券,中长线
SH603369,今世缘,中长线
SZ000685,中山公用,中长线
SZ002594,比亚迪,中长线
SH600104,上汽集团,中长线
SZ000001,平安银行,中长线
SH600741,华域汽车,中长线
SH603288,海天味业,中长线
SH600566,济川药业,中长线
SH601788,光大证券,中长线
SH600016,民生银行,中长线
SH601916,浙商银行,中长线
SH601688,华泰证券,中长线
SH601390,中国中铁,中长线
SH600919,江苏银行,中长线
SH600050,中国联通,中长线
SZ000425,徐工机械,中长线
SH600529,山东药玻,中长线
SZ000776,广发证券,中长线
SH600438,通威股份,中长线
SH601021,春秋航空,中长线
SZ000568,泸州老窖,中长线
SZ002142,宁波银行,中长线
SH601318,中国平安,中长线
SZ000792,盐湖股份,中长线
SH603658,安图生物,中长线
SH600415,小商品城,中长线
SH601618,中国中冶,中长线
SH600521,华海药业,中长线
SH600893,航发动力,中长线
SZ000898,鞍钢股份,中长线
SH601186,中国铁建,中长线
SH601825,沪农商行,中长线
SH601668,中国建筑,中长线
SH600089,特变电工,中长线
SZ300957,贝泰妮,中长线
SH601877,正泰电器,中长线
SZ000858,五粮液,中长线
SH600926,杭州银行,中长线
SZ002311,海大集团,中长线
SZ000338,潍柴动力,中长线
SH600845,宝信软件,中长线
SZ002807,江阴银行,中长线
SH600436,片仔癀,中长线
SZ300502,新易盛,中长线
SZ002463,沪电股份,中长线
SH600703,三安光电,中长线
SZ000028,国药一致,中长线
SZ000625,长安汽车,中长线
SZ000951,中国重汽,中长线
SZ300014,亿纬锂能,中长线
SZ000825,太钢不锈,中长线
SH600600,青岛啤酒,中长线
SH600535,天士力,中长线
SZ300999,金龙鱼,中长线
SH601633,长城汽车,中长线
SH600487,亨通光电,中长线
SZ002415,海康威视,中长线
SH603986,兆易创新,中长线
SH601166,兴业银行,中长线
SZ000066,中国长城,中长线
SH600276,恒瑞医药,中长线
SZ000538,云南白药,中长线
SZ300408,三环集团,中长线
SZ300595,欧普康视,中长线
SZ300033,同花顺,中长线
SZ000725,京东方Ａ,中长线
SH600372,中航机载,中长线
SH601669,中国电建,中长线
SH600298,安琪酵母,中长线
SH603259,药明康德,中长线
SZ300059,东方财富,中长线
SZ000708,中信特钢,中长线
SH600993,马应龙,中长线
SH600584,长电科技,中长线
SH600559,老白干酒,中长线
SZ002475,立讯精密,中长线
SH600009,上海机场,中长线
SZ002230,科大讯飞,中长线
SZ000617,中油资本,中长线
SZ002920,德赛西威,中长线
SZ002241,歌尔股份,中长线
SH688036,传音控股,中长线
SZ002304,洋河股份,中长线
SZ000895,双汇发展,中长线
SH600779,水井坊,中长线
SH603260,合盛硅业,中长线
SZ002648,卫星化学,中长线
SH600887,伊利股份,中长线
SZ300476,胜宏科技,中长线
SZ301165,锐捷网络,中长线
SH600048,保利发展,中长线
SH601689,拓普集团,中长线
SZ000063,中兴通讯,中长线
SH600905,三峡能源,中长线
SZ300357,我武生物,中长线
SZ002625,光启技术,中长线
SH600839,四川长虹,中长线
SZ002668,TCL智家,中长线
SH601698,中国卫通,中长线
SH600111,北方稀土,中长线
SZ000963,华东医药,中长线
SZ000977,浪潮信息,中长线
SZ001979,招商蛇口,中长线
SZ000938,紫光股份,中长线
SH601238,广汽集团,中长线
SZ000768,中航西飞,中长线
SZ002050,三花智控,中长线
SH601888,中国中免,中长线
SH600422,昆药集团,中长线
SZ000513,丽珠集团,中长线
SZ000100,TCL科技,中长线
SZ002841,视源股份,中长线
SH600588,用友网络,中长线
SH601360,三六零,中长线
SZ000002,万科Ａ,中长线
SZ002460,赣锋锂业,中长线
SH603019,中科曙光,中长线
SZ300015,爱尔眼科,中长线
SH600085,同仁堂,中长线
SZ300124,汇川技术,中长线
SH603799,华友钴业,中长线
SZ301511,德福科技,中长线
SH600570,恒生电子,中长线
SH601012,隆基绿能,中长线
SZ000999,华润三九,中长线
SZ001391,国货航,中长线
SZ302132,中航成飞,中长线
